,OptimalSolution,ReducedCosts,MinValue,MaxValue,Span,MinStatus,MaxStstus
R_BIOMASS_Ec_iAF1260_core_59p81M_dleu_time00,0.0,0.0,0.0,0.0005018176809254623,0.0005018177,1.0,1.0
R_BIOMASS_Ec_iAF1260_core_59p81M_dleu_time01,8.87434741656305e-05,0.0,0.0,0.0010034361502346057,0.0010034362,1.0,1.0
R_BIOMASS_Ec_iAF1260_core_59p81M_dleu_time02,0.0004894425280557865,0.0,0.0,0.0015048549367023543,0.0015048549,1.0,1.0
R_BIOMASS_Ec_iAF1260_core_59p81M_dleu_time03,0.0,0.0,0.0,0.0020063440372277276,0.002006344,1.0,1.0
R_BIOMASS_Ec_iAF1260_core_59p81M_dleu_time04,0.0001645320925973072,0.0,0.0,0.002507833137753087,0.0025078331,1.0,1.0
R_BIOMASS_Ec_iAF1260_core_59p81M_dleu_time05,0.0,0.0,0.0,0.003009322238278448,0.0030093222,1.0,1.0
R_BIOMASS_Ec_iAF1260_core_59p81M_dleu_time06,0.00022025412434173151,0.0,0.0,0.0035108113388038105,0.0035108113,1.0,1.0
R_BIOMASS_Ec_iAF1260_core_59p81M_dleu_time07,0.001022784633099816,0.0,0.0,0.004012300439329192,0.0040123004,1.0,1.0
R_BIOMASS_Ec_iAF1260_core_59p81M_dleu_time08,0.0,0.0,0.0,0.004513789539854526,0.0045137895,1.0,1.0
R_BIOMASS_Ec_iAF1260_core_59p81M_dleu_time09,0.0007112427070736554,0.0,0.0,0.005015278640379879,0.0050152786,1.0,1.0
R_BIOMASS_Ec_iAF1260_core_59p81M_dleu_time10,0.000876426394990013,0.0,0.0,0.005516767740905246,0.0055167677,1.0,1.0
R_BIOMASS_Ec_iAF1260_core_59p81M_dleu_time11,0.00023240807092236068,0.0,0.0,0.006031889803033089,0.0060318898,1.0,1.0
R_BIOMASS_Ec_iAF1260_core_59p81M_dleu_time12,0.00045579782512260997,0.0,0.0,0.006592430409861102,0.0065924304,1.0,1.0
R_BIOMASS_Ec_iAF1260_core_59p81M_dleu_time13,0.0,0.0,0.0,0.007205057738789388,0.0072050577,1.0,1.0
R_BIOMASS_Ec_iAF1260_core_59p81M_dleu_time14,0.001102321904796456,0.0,0.0,0.007874790227863786,0.0078747902,1.0,1.0
R_BIOMASS_Ec_iAF1260_core_59p81M_dleu_time15,0.0006824564119100995,0.0,0.0,0.008606399784263589,0.0086063998,1.0,1.0
R_BIOMASS_Ec_iAF1260_core_59p81M_dleu_time16,0.000473122777676585,0.0,0.0,0.009406189976115701,0.00940619,1.0,1.0
R_BIOMASS_Ec_iAF1260_core_59p81M_dleu_time17,0.0,0.0,0.0,0.010280294940230743,0.0102802949,1.0,1.0
R_BIOMASS_Ec_iAF1260_core_59p81M_dleu_time18,0.001246718019349377,0.0,0.0,0.011235895127359886,0.0112358951,1.0,1.0
R_BIOMASS_Ec_iAF1260_core_59p81M_dleu_time19,0.0005982263199224519,0.0,0.0,0.012279754929350808,0.0122797549,1.0,1.0
R_BIOMASS_Ec_iAF1260_core_59p81M_dleu_time20,0.00032019173642725007,0.0,0.0,0.0134209028619864,0.0134209029,1.0,1.0
R_BIOMASS_Ec_iAF1260_core_59p81M_dleu_time21,0.0,0.0,0.0,0.014668094253193742,0.0146680943,1.0,1.0
R_BIOMASS_Ec_iAF1260_core_59p81M_dleu_time22,0.00136529568720849,0.0,0.0,0.016031188520307854,0.0160311885,1.0,1.0
R_BIOMASS_Ec_iAF1260_core_59p81M_dleu_time23,0.0008172732523856619,0.0,0.0,0.017520954047435127,0.017520954,1.0,1.0
R_BIOMASS_Ec_iAF1260_core_59p81M_dleu_time24,0.0,0.0,0.0,0.019149162293453523,0.0191491623,1.0,1.0
R_BIOMASS_Ec_iAF1260_core_59p81M_dleu_time25,0.0,0.0,0.0,0.020928678629501027,0.0209286786,1.0,1.0
R_BIOMASS_Ec_iAF1260_core_59p81M_dleu_time26,0.0,0.0,0.0,0.022873563995364804,0.022873564,1.0,1.0
R_BIOMASS_Ec_iAF1260_core_59p81M_dleu_time27,0.0025396646046621078,0.0,0.0,0.024997528068103698,0.0249975281,1.0,1.0
R_BIOMASS_Ec_iAF1260_core_59p81M_dleu_time28,0.0027585800286760126,0.0,0.0,0.02731659673011139,0.0273165967,1.0,1.0
R_BIOMASS_Ec_iAF1260_core_59p81M_dleu_time29,0.0,0.0,0.0,0.02985059117989307,0.0298505912,1.0,1.0
R_BIOMASS_Ec_iAF1260_core_59p81M_dleu_time30,0.0,0.0,0.0,0.032618791344459455,0.0326187913,1.0,1.0
R_BIOMASS_Ec_iAF1260_core_59p81M_dleu_time31,0.001147647071325233,0.0,0.0,0.035653599882759235,0.0356535999,1.0,1.0
R_BIOMASS_Ec_iAF1260_core_59p81M_dleu_time32,0.0022987246270787477,0.0,0.0,0.03894296244590246,0.0389429624,1.0,1.0
R_BIOMASS_Ec_iAF1260_core_59p81M_dleu_time33,0.0,0.0,0.0,0.04119284261473289,0.0411928426,1.0,1.0
R_BIOMASS_Ec_iAF1260_core_59p81M_dleu_time34,0.0013004487708398655,0.0,0.0,0.04119284261473292,0.0411928426,1.0,1.0
R_BIOMASS_Ec_iAF1260_core_59p81M_dleu_time35,0.0024045249328020347,0.0,0.0,0.041192842614732904,0.0411928426,1.0,1.0
R_BIOMASS_Ec_iAF1260_core_59p81M_dleu_time36,0.0011427418627216399,0.0,0.0,0.04119284261473292,0.0411928426,1.0,1.0
R_BIOMASS_Ec_iAF1260_core_59p81M_dleu_time37,0.0,0.0,0.0,0.04119284261473291,0.0411928426,1.0,1.0
R_BIOMASS_Ec_iAF1260_core_59p81M_dleu_time38,0.0,0.0,0.0,0.04119284261473293,0.0411928426,1.0,1.0
R_BIOMASS_Ec_iAF1260_core_59p81M_dleu_time39,0.0,0.0,0.0,0.041192842614732904,0.0411928426,1.0,1.0
R_BIOMASS_Ec_iAF1260_core_59p81M_dleu_time40,0.0,0.0,0.0,0.04119284261472569,0.0411928426,1.0,1.0
R_BIOMASS_Ec_iAF1260_core_59p81M_dleu_time41,0.002460755669500842,0.0,0.0,0.041192842614732904,0.0411928426,1.0,1.0
R_BIOMASS_Ec_iAF1260_core_59p81M_dleu_time42,0.0,0.0,0.0,0.0411928426147329,0.0411928426,1.0,1.0
R_BIOMASS_Ec_iAF1260_core_59p81M_dleu_time43,0.0,0.0,0.0,0.04119284261473291,0.0411928426,1.0,1.0
R_BIOMASS_Ec_iAF1260_core_59p81M_dleu_time44,0.014272517087081167,0.0,0.0,0.04119284261473295,0.0411928426,1.0,1.0
R_BIOMASS_Ec_iAF1260_core_59p81M_dlys_time00,0.0,0.0,0.0,0.0005015075245898365,0.0005015075,1.0,1.0
R_BIOMASS_Ec_iAF1260_core_59p81M_dlys_time01,0.00038239977382202855,0.0,0.0,0.0010026753998371957,0.0010026754,1.0,1.0
R_BIOMASS_Ec_iAF1260_core_59p81M_dlys_time02,0.0,0.0,0.0,0.0015038194155624369,0.0015038194,1.0,1.0
R_BIOMASS_Ec_iAF1260_core_59p81M_dlys_time03,0.00036557376926804673,0.0,0.0,0.0020049634312876824,0.0020049634,1.0,1.0
R_BIOMASS_Ec_iAF1260_core_59p81M_dlys_time04,0.0,0.0,0.0,0.0025061074470129193,0.0025061074,1.0,1.0
R_BIOMASS_Ec_iAF1260_core_59p81M_dlys_time05,0.0008110031736861886,0.0,0.0,0.0030072514627381597,0.0030072515,1.0,1.0
R_BIOMASS_Ec_iAF1260_core_59p81M_dlys_time06,0.0,0.0,0.0,0.0035083954784634014,0.0035083955,1.0,1.0
R_BIOMASS_Ec_iAF1260_core_59p81M_dlys_time07,0.0,0.0,0.0,0.004009539494188637,0.0040095395,1.0,1.0
R_BIOMASS_Ec_iAF1260_core_59p81M_dlys_time08,0.0005469003083025579,0.0,0.0,0.004510683509913882,0.0045106835,1.0,1.0
R_BIOMASS_Ec_iAF1260_core_59p81M_dlys_time09,0.0,0.0,0.0,0.005011827525639127,0.0050118275,1.0,1.0
R_BIOMASS_Ec_iAF1260_core_59p81M_dlys_time10,0.0,0.0,0.0,0.005512971541364365,0.0055129715,1.0,1.0
R_BIOMASS_Ec_iAF1260_core_59p81M_dlys_time11,0.0007112427070736554,0.0,0.0,0.0060282132410601486,0.0060282132,1.0,1.0
R_BIOMASS_Ec_iAF1260_core_59p81M_dlys_time12,0.0,0.0,0.0,0.006587892197485606,0.0065878922,1.0,1.0
R_BIOMASS_Ec_iAF1260_core_59p81M_dlys_time13,0.0015754446824730408,0.0,0.0,0.007200100247705996,0.0072001002,1.0,1.0
R_BIOMASS_Ec_iAF1260_core_59p81M_dlys_time14,0.0,0.0,0.0,0.007869201672425778,0.0078692017,1.0,1.0
R_BIOMASS_Ec_iAF1260_core_59p81M_dlys_time15,0.0,0.0,0.0,0.008600477654686483,0.0086004777,1.0,1.0
R_BIOMASS_Ec_iAF1260_core_59p81M_dlys_time16,0.0,0.0,0.0,0.00939979667443828,0.0093997967,1.0,1.0
R_BIOMASS_Ec_iAF1260_core_59p81M_dlys_time17,0.0019674867995753114,0.0,0.0,0.01027322099058249,0.010273221,1.0,1.0
R_BIOMASS_Ec_iAF1260_core_59p81M_dlys_time18,0.0,0.0,0.0,0.011227903200509644,0.0112279032,1.0,1.0
R_BIOMASS_Ec_iAF1260_core_59p81M_dlys_time19,0.0010071426529741617,0.0,0.0,0.012271303264631463,0.0122713033,1.0,1.0
R_BIOMASS_Ec_iAF1260_core_59p81M_dlys_time20,0.00022914547267486883,0.0,0.0,0.013411665662180092,0.0134116657,1.0,1.0
R_BIOMASS_Ec_iAF1260_core_59p81M_dlys_time21,0.0007865349119190006,0.0,0.0,0.014658001025247835,0.014658001,1.0,1.0
R_BIOMASS_Ec_iAF1260_core_59p81M_dlys_time22,0.0003846223551248509,0.0,0.0,0.016020157336761688,0.0160201573,1.0,1.0
R_BIOMASS_Ec_iAF1260_core_59p81M_dlys_time23,0.0,0.0,0.0,0.017512109912595743,0.0175121099,1.0,1.0
R_BIOMASS_Ec_iAF1260_core_59p81M_dlys_time24,0.002100249820482191,0.0,0.0,0.019135985608284636,0.0191359856,1.0,1.0
R_BIOMASS_Ec_iAF1260_core_59p81M_dlys_time25,0.0023476587646405413,0.0,0.0,0.02091427755355422,0.0209142776,1.0,1.0
R_BIOMASS_Ec_iAF1260_core_59p81M_dlys_time26,0.0023813661101469343,0.0,0.0,0.022857824520873104,0.0228578245,1.0,1.0
R_BIOMASS_Ec_iAF1260_core_59p81M_dlys_time27,0.0001446049296156437,0.0,0.0,0.024981983882529493,0.0249819839,1.0,1.0
R_BIOMASS_Ec_iAF1260_core_59p81M_dlys_time28,0.0,0.0,0.0,0.02730353965153623,0.0273035397,1.0,1.0
R_BIOMASS_Ec_iAF1260_core_59p81M_dlys_time29,0.0033808648211463076,0.0,0.0,0.029840835753436427,0.0298408358,1.0,1.0
R_BIOMASS_Ec_iAF1260_core_59p81M_dlys_time30,0.0017300289327766788,0.0,0.0,0.03261392135574491,0.0326139214,1.0,1.0
R_BIOMASS_Ec_iAF1260_core_59p81M_dlys_time31,0.0019761787073510283,0.0,0.0,0.03564470632298879,0.0356447063,1.0,1.0
R_BIOMASS_Ec_iAF1260_core_59p81M_dlys_time32,0.0,0.0,0.0,0.03895717601750035,0.038957176,1.0,1.0
R_BIOMASS_Ec_iAF1260_core_59p81M_dlys_time33,0.00356847866156481,0.0,0.0,0.04180715736599999,0.0418071574,1.0,1.0
R_BIOMASS_Ec_iAF1260_core_59p81M_dlys_time34,0.0037361856719656363,0.0,0.0,0.041807157366000006,0.0418071574,1.0,1.0
R_BIOMASS_Ec_iAF1260_core_59p81M_dlys_time35,0.0,0.0,0.0,0.041807157366000006,0.0418071574,1.0,1.0
R_BIOMASS_Ec_iAF1260_core_59p81M_dlys_time36,0.0,0.0,0.0,0.041807157385267094,0.0418071574,1.0,1.0
R_BIOMASS_Ec_iAF1260_core_59p81M_dlys_time37,5.5340779376829644e-05,0.0,0.0,0.041807157366,0.0418071574,1.0,1.0
R_BIOMASS_Ec_iAF1260_core_59p81M_dlys_time38,0.001841906419586585,0.0,0.0,0.041807157366000006,0.0418071574,1.0,1.0
R_BIOMASS_Ec_iAF1260_core_59p81M_dlys_time39,0.0,0.0,0.0,0.04180715736600002,0.0418071574,1.0,1.0
R_BIOMASS_Ec_iAF1260_core_59p81M_dlys_time40,0.007445439723387109,0.0,0.0,0.04180715736599991,0.0418071574,1.0,1.0
R_BIOMASS_Ec_iAF1260_core_59p81M_dlys_time41,0.0,0.0,0.0,0.041807157385267094,0.0418071574,1.0,1.0
R_BIOMASS_Ec_iAF1260_core_59p81M_dlys_time42,0.0023313574363330865,0.0,0.0,0.041807157385267094,0.0418071574,1.0,1.0
R_BIOMASS_Ec_iAF1260_core_59p81M_dlys_time43,0.0,0.0,0.0,0.041807157366000026,0.0418071574,1.0,1.0
R_BIOMASS_Ec_iAF1260_core_59p81M_dlys_time44,0.0,0.0,0.0,0.041807157366,0.0418071574,1.0,1.0
R_VALtex_dleu_time00,0.0,0.0,-0.0053999999994993044,0.000212658289551868,0.0056126583,1.0,1.0
R_VALtex_dleu_time01,3.760735450801424e-05,0.0,-0.010799999998998609,0.00042520236059174853,0.0112252024,1.0,1.0
R_VALtex_dleu_time02,0.00020741399676937067,0.0,-0.016199999998497916,0.0006377214056559829,0.0168377214,1.0,1.0
R_VALtex_dleu_time03,0.0,0.0,-0.021600000236531622,0.0008502404507202189,0.0224502407,1.0,1.0
R_VALtex_dleu_time04,6.972475207251649e-05,0.0,-0.026999999997496523,0.0010627594957844455,0.0280627595,1.0,1.0
R_VALtex_dleu_time05,0.0,0.0,-0.032399999996995825,0.0012752785408486854,0.0336752785,1.0,1.0
R_VALtex_dleu_time06,9.333841179704165e-05,0.0,-0.03779999999649514,0.0014877975859129218,0.0392877976,1.0,1.0
R_VALtex_dleu_time07,0.00043343158067650733,0.0,-0.0431999999959944,0.001700316630977148,0.0449003166,1.0,1.0
R_VALtex_dleu_time08,0.0,0.0,-0.048645165861705746,0.0019128356760413942,0.0505580015,1.0,1.0
R_VALtex_dleu_time09,0.0003014075894328455,0.0,-0.05411188683981178,0.0021253547211056243,0.0562372416,1.0,1.0
R_VALtex_dleu_time10,0.00037140847196328783,0.0,-0.05959249813085319,0.0023378737661698614,0.0619303719,1.0,1.0
R_VALtex_dleu_time11,-0.00069990068878974,0.0,-0.06516473365204511,0.002556170730907458,0.0677209044,1.0,1.0
R_VALtex_dleu_time12,0.000193156179139159,0.0,-0.07122045327436494,0.002793712979169664,0.0740141663,1.0,1.0
R_VALtex_dleu_time13,0.0,0.0,-0.07783890708787722,0.003053330491856385,0.0808922376,1.0,1.0
R_VALtex_dleu_time14,0.00046713756752702305,0.0,-0.08507349898097247,0.0033371465320837746,0.0884106455,1.0,1.0
R_VALtex_dleu_time15,0.00028920864841361474,0.0,-0.09297811361143749,0.0036472703356963086,0.0966253839,1.0,1.0
R_VALtex_dleu_time16,0.00020049807823267255,0.0,-0.10161890184511287,0.003987422328896652,0.1056063242,1.0,1.0
R_VALtex_dleu_time17,0.0,0.0,-0.11106750898558095,0.0043565455264566065,0.1154240545,1.0,1.0
R_VALtex_dleu_time18,0.0005283291753678012,0.0,-0.12138270554081301,0.004762161065081162,0.1261448666,1.0,1.0
R_VALtex_dleu_time19,0.0002535139569514568,0.0,-0.13266276841437308,0.005204453300477749,0.1378672217,1.0,1.0
R_VALtex_dleu_time20,0.00013568957329619435,0.0,-0.1449910213017552,0.0056874556094006256,0.1506784769,1.0,1.0
R_VALtex_dleu_time21,0.0,0.0,-0.15846482169165294,0.006215986310241431,0.164680808,1.0,1.0
R_VALtex_dleu_time22,0.0005785795451424647,0.0,-0.17319087143781775,0.006793632946381998,0.1799845044,1.0,1.0
R_VALtex_dleu_time23,0.0003463407898029867,0.0,-0.18928545182691756,0.007425835002810452,0.1967112868,1.0,1.0
R_VALtex_dleu_time24,0.0,0.0,-0.20687553146831217,0.008114955400070557,0.2149904869,1.0,1.0
R_VALtex_dleu_time25,0.0,0.0,-0.226100357066341,0.008869071714895474,0.2349694288,1.0,1.0
R_VALtex_dleu_time26,0.0,0.0,-0.2471115535012675,0.009693267455699754,0.256804821,1.0,1.0
R_VALtex_dleu_time27,0.0010762489075052909,0.0,-0.2700755636981166,0.010593239355119896,0.2806688031,1.0,1.0
R_VALtex_dleu_time28,0.001169020010232206,0.0,-0.2951732992361409,0.01157637441848793,0.3067496737,1.0,1.0
R_VALtex_dleu_time29,0.0,0.0,-0.3226346162290351,0.012650240287372638,0.3352848565,1.0,1.0
R_VALtex_dleu_time30,0.0,0.0,-0.35258347222861364,0.013823650486480257,0.3664071227,1.0,1.0
R_VALtex_dleu_time31,0.00048634528529792223,0.0,-0.38535706643665196,0.015104325019347472,0.4004613915,1.0,1.0
R_VALtex_dleu_time32,0.0009741443275649237,0.0,-0.4211774069141424,0.01650309535411696,0.4376805023,1.0,1.0
R_VALtex_dleu_time33,0.0,0.0,-0.4602960587415153,0.017456538071901066,0.4777525968,1.0,1.0
R_VALtex_dleu_time34,0.0005510989783114349,0.0,-0.5030720253101666,0.017456538071901062,0.5205285634,1.0,1.0
R_VALtex_dleu_time35,0.0010189799579231155,0.0,-0.5498068727945669,0.017456538071901038,0.5672634109,1.0,1.0
R_VALtex_dleu_time36,0.0004842665756167258,0.0,-0.6008648733582047,0.017456538071901086,0.6183214114,1.0,1.0
R_VALtex_dleu_time37,0.0,0.0,-0.6566951936512919,0.01745653807190105,0.6741517317,1.0,1.0
R_VALtex_dleu_time38,0.0,0.0,-0.7176467613764397,0.017456538071901142,0.7351032994,1.0,1.0
R_VALtex_dleu_time39,0.0,0.0,-0.7842947245000922,0.01745653807190106,0.8017512626,1.0,1.0
R_VALtex_dleu_time40,0.0,0.0,-0.8571297230007482,0.01745653807190106,0.8745862611,1.0,1.0
R_VALtex_dleu_time41,0.0010428091945983893,0.0,-0.9368315189278438,0.017456538071901048,0.954288057,1.0,1.0
R_VALtex_dleu_time42,0.0,0.0,-1.0231870681777049,0.01745653807190108,1.0406436062,1.0,1.0
R_VALtex_dleu_time43,0.0,0.0,-1.1120564128113473,0.017456538071901038,1.1295129509,1.0,1.0
R_VALtex_dleu_time44,0.006048350201094911,0.0,-1.2004493929901774,0.017456538071901073,1.2179059311,1.0,1.0
R_VALtex_dlys_time00,-0.0009471794294183087,0.0,-0.005399999999499305,0.0040766718228264255,0.0094766718,1.0,1.0
R_VALtex_dlys_time01,0.0001620518465512009,0.0,-0.01079999999899861,0.008153343645652851,0.0189533436,1.0,1.0
R_VALtex_dlys_time02,0.00022049385888913182,0.0,-0.016199999998497916,0.012230015468479278,0.0284300155,1.0,1.0
R_VALtex_dlys_time03,0.000319612372700591,0.0,-0.02159999999799722,0.016306687291305702,0.0379066873,1.0,1.0
R_VALtex_dlys_time04,-0.0005067468448015962,0.0,-0.026999999997496527,0.020383359114132155,0.0473833591,1.0,1.0
R_VALtex_dlys_time05,0.00034368368093203803,0.0,-0.03239999999699583,0.024460030936958553,0.0568600309,1.0,1.0
R_VALtex_dlys_time06,0.0,0.0,-0.03779999999649512,0.028536702759784968,0.0663367028,1.0,1.0
R_VALtex_dlys_time07,-0.002051933000584922,0.0,-0.043199999995994436,0.032613374582611404,0.0758133746,1.0,1.0
R_VALtex_dlys_time08,0.0016185014199084145,0.0,-0.04864525031157514,0.036690046405437826,0.0853352967,1.0,1.0
R_VALtex_dlys_time09,-0.0006728160613961334,0.0,-0.05411181615357392,0.04076671822826427,0.0948785344,1.0,1.0
R_VALtex_dlys_time10,0.0,0.0,-0.05959270372103268,0.044903663481314936,0.1044963672,1.0,1.0
R_VALtex_dlys_time11,0.00030140758943284515,0.0,-0.06516474207402638,0.04929852388726442,0.114463266,1.0,1.0
R_VALtex_dlys_time12,0.0002053369202177358,0.0,-0.07123181694069355,0.0539808491877174,0.1252126661,1.0,1.0
R_VALtex_dlys_time13,0.0,0.0,-0.07783889045134877,0.059013906392103826,0.1368527968,1.0,1.0
R_VALtex_dlys_time14,-0.00046713756752702305,0.0,-0.08507244695345806,0.06450554170957098,0.1495779887,1.0,1.0
R_VALtex_dlys_time15,-0.00028920864841361474,0.0,-0.0929782083740688,0.07049179510325292,0.1634700035,1.0,1.0
R_VALtex_dlys_time16,-0.00020049807823267255,0.0,-0.10161854637241927,0.07704290697268268,0.1786614533,1.0,1.0
R_VALtex_dlys_time17,0.0,0.0,-0.11106180990044894,0.08420199851801038,0.1952638084,1.0,1.0
R_VALtex_dlys_time18,-0.0005283291753678012,0.0,-0.1213826950521545,0.09202887391659569,0.213411569,1.0,1.0
R_VALtex_dlys_time19,-0.0002535139569514568,0.0,-0.1326626918384799,0.10059582615810816,0.233258518,1.0,1.0
R_VALtex_dlys_time20,-0.00013568957329619435,0.0,-0.14499094544477645,0.1099255095598691,0.254916455,1.0,1.0
R_VALtex_dlys_time21,0.0,0.0,-0.15846571935776155,0.12014079924264662,0.2786065186,1.0,1.0
R_VALtex_dlys_time22,-0.0005785795451424647,0.0,-0.1732242302640969,0.13130539196299693,0.3045296222,1.0,1.0
R_VALtex_dlys_time23,-0.0003463407898029867,0.0,-0.18928531489750192,0.14351194685474755,0.3327972618,1.0,1.0
R_VALtex_dlys_time24,0.0,0.0,-0.20687544963755322,0.15684352875369156,0.3637189784,1.0,1.0
R_VALtex_dlys_time25,0.0,0.0,-0.2261142353756017,0.17141887774349657,0.3975331131,1.0,1.0
R_VALtex_dlys_time26,0.0,0.0,-0.24711166682957603,0.18734869141536467,0.4344603582,1.0,1.0
R_VALtex_dlys_time27,-0.0010762489075052909,0.0,-0.27007563652908995,0.20478322102317192,0.4748588576,1.0,1.0
R_VALtex_dlys_time28,-0.001169020010232206,0.0,-0.29520400249649814,0.2237875234560911,0.518991526,1.0,1.0
R_VALtex_dlys_time29,0.0,0.0,-0.32260405073881443,0.2445889452875614,0.567192996,1.0,1.0
R_VALtex_dlys_time30,0.0,0.0,-0.3525828043804769,0.26731840034600374,0.6199012047,1.0,1.0
R_VALtex_dlys_time31,-0.00048634528529792223,0.0,-0.38535690390229993,0.2921525069541127,0.6775094109,1.0,1.0
R_VALtex_dlys_time32,-0.0009741443275649237,0.0,-0.42117954383312917,0.31930099959406666,0.7404805434,1.0,1.0
R_VALtex_dlys_time33,0.0,0.0,-0.46029606134403944,0.34897237994114355,0.8092684413,1.0,1.0
R_VALtex_dlys_time34,-0.0005510989783114349,0.0,-0.503071204173066,0.3814300723419685,0.8845012765,1.0,1.0
R_VALtex_dlys_time35,-0.0010189799579231155,0.0,-0.5498562583761522,0.4168384673658221,0.9666947257,1.0,1.0
R_VALtex_dlys_time36,-0.0004842665756167258,0.0,-0.6008648699952737,0.4555532364664802,1.0564181065,1.0,1.0
R_VALtex_dlys_time37,0.0,0.0,-0.6567020373752118,0.49786023254157874,1.1545622699,1.0,1.0
R_VALtex_dlys_time38,0.0,0.0,-0.7176456437571084,0.5441275054241266,1.2617731492,1.0,1.0
R_VALtex_dlys_time39,0.0,0.0,-0.7842915136122495,0.5946264199357936,1.3789179335,1.0,1.0
R_VALtex_dlys_time40,0.0,0.0,-0.8571267041335804,0.6498414313187567,1.5069681355,1.0,1.0
R_VALtex_dlys_time41,-0.0010428091945983893,0.0,-0.9367227400892103,0.7101891255999845,1.6469118657,1.0,1.0
R_VALtex_dlys_time42,0.0,0.0,-1.0231893886702976,0.7755189412806109,1.79870833,1.0,1.0
R_VALtex_dlys_time43,0.0,0.0,-1.1124656943226836,0.8422555689045428,1.9547212632,1.0,1.0
R_VALtex_dlys_time44,-0.006048350201094911,0.0,-1.2010340070579493,0.9089921965284746,2.1100262036,1.0,1.0
R_LEUtex_dleu_time00,0.0,0.0,0.0,0.00022613142904182178,0.0002261314,1.0,1.0
R_LEUtex_dleu_time01,3.997893511161654e-05,0.0,0.0,0.0004520163091977431,0.0004520163,1.0,1.0
R_LEUtex_dleu_time02,0.00022049385888913182,0.0,0.0,0.0006779371489844173,0.0006779371,1.0,1.0
R_LEUtex_dleu_time03,0.0,0.0,0.0,0.0009038579887710917,0.000903858,1.0,1.0
R_LEUtex_dleu_time04,7.41217077150869e-05,0.0,0.0,0.0011297788285577655,0.0011297788,1.0,1.0
R_LEUtex_dleu_time05,0.0,0.0,0.0,0.0013556996683444407,0.0013556997,1.0,1.0
R_LEUtex_dleu_time06,9.922448301595006e-05,0.0,0.0,0.001581620508131116,0.0015816205,1.0,1.0
R_LEUtex_dleu_time07,0.0004607644772114671,0.0,0.0,0.0018075413479177905,0.0018075413,1.0,1.0
R_LEUtex_dleu_time08,0.0,0.0,0.0,0.002033462222636922,0.0020334622,1.0,1.0
R_LEUtex_dleu_time09,0.0003204148395366818,0.0,0.0,0.0022593830274911363,0.002259383,1.0,1.0
R_LEUtex_dleu_time10,0.00039483009094300084,0.0,0.0,0.002485303867277815,0.0024853039,1.0,1.0
R_LEUtex_dleu_time11,0.00010469983595052349,0.0,0.0,0.002717366880814373,0.0027173669,1.0,1.0
R_LEUtex_dleu_time12,0.0002053369202177358,0.0,0.0,0.0029699579223298276,0.0029699579,1.0,1.0
R_LEUtex_dleu_time13,0.0,0.0,0.0,0.003245879393639624,0.0032458794,1.0,1.0
R_LEUtex_dleu_time14,0.0004965960181108034,0.0,0.0,0.0035479745925065913,0.0035479746,1.0,1.0
R_LEUtex_dleu_time15,0.0003074466135654998,0.0,0.0,0.0038771841028165622,0.0038771841,1.0,1.0
R_LEUtex_dleu_time16,0.00021314181134330154,0.0,0.0,0.004237855702153875,0.0042378557,1.0,1.0
R_LEUtex_dleu_time17,0.0,0.0,0.0,0.00463182645785775,0.0046318265,1.0,1.0
R_LEUtex_dleu_time18,0.0005616464677168944,0.0,0.0,0.005061654898033086,0.0050616549,1.0,1.0
R_LEUtex_dleu_time19,0.0002695009571250646,0.0,0.0,0.0055320287770124444,0.0055320288,1.0,1.0
R_LEUtex_dleu_time20,0.00014424637726047617,0.0,0.0,0.006046116686364034,0.0060461167,1.0,1.0
R_LEUtex_dleu_time21,0.0,0.0,0.0,0.006607976471049408,0.0066079765,1.0,1.0
R_LEUtex_dleu_time22,0.0006150657070874248,0.0,0.0,0.007222050428398701,0.0072220504,1.0,1.0
R_LEUtex_dleu_time23,0.0003681816001997407,0.0,0.0,0.00789318979836943,0.0078931898,1.0,1.0
R_LEUtex_dleu_time24,0.0,0.0,0.0,0.008626697613200805,0.0086266976,1.0,1.0
R_LEUtex_dleu_time25,0.0,0.0,0.0,0.009428373420782536,0.0094283734,1.0,1.0
R_LEUtex_dleu_time26,0.0,0.0,0.0,0.010304750782681992,0.0103047508,1.0,1.0
R_LEUtex_dleu_time27,0.0011441189044002797,0.0,0.0,0.011261266256467818,0.0112612663,1.0,1.0
R_LEUtex_dleu_time28,0.0012427403029185438,0.0,0.0,0.012306126826915263,0.0123061268,1.0,1.0
R_LEUtex_dleu_time29,0.0,0.0,0.0,0.013449952130515256,0.0134499521,1.0,1.0
R_LEUtex_dleu_time30,0.0,0.0,0.0,0.014694765500595109,0.0146947655,1.0,1.0
R_LEUtex_dleu_time31,0.0005170150056320174,0.0,0.0,0.016056828185683065,0.0160568282,1.0,1.0
R_LEUtex_dleu_time32,0.0010355754444989758,0.0,0.0,0.017543804581878934,0.0175438046,1.0,1.0
R_LEUtex_dleu_time33,0.0,0.0,0.0,0.018557375651667,0.0185573757,1.0,1.0
R_LEUtex_dleu_time34,0.0005858521712633594,0.0,0.0,0.018557375597937183,0.0185573756,1.0,1.0
R_LEUtex_dleu_time35,0.0010832384822273167,0.0,0.0,0.018557375597937183,0.0185573756,1.0,1.0
R_LEUtex_dleu_time36,0.0005148052091560988,0.0,0.0,0.018557375597937173,0.0185573756,1.0,1.0
R_LEUtex_dleu_time37,0.0,0.0,0.0,0.018557375597937176,0.0185573756,1.0,1.0
R_LEUtex_dleu_time38,0.0,0.0,0.0,0.018557375597937176,0.0185573756,1.0,1.0
R_LEUtex_dleu_time39,0.0,0.0,0.0,0.01855737559793717,0.0185573756,1.0,1.0
R_LEUtex_dleu_time40,0.0,0.0,0.0,0.01855737559793717,0.0185573756,1.0,1.0
R_LEUtex_dleu_time41,0.0011085704291101295,0.0,0.0,0.018557375651667,0.0185573757,1.0,1.0
R_LEUtex_dleu_time42,0.0,0.0,0.0,0.018557375651667,0.0185573757,1.0,1.0
R_LEUtex_dleu_time43,0.0,0.0,0.0,0.01855737559793717,0.0185573756,1.0,1.0
R_LEUtex_dleu_time44,0.006429768947730066,0.0,0.0,0.01855737559793717,0.0185573756,1.0,1.0
R_LEUtex_dlys_time00,-0.0002122500332184404,0.0,-0.0040766718228264255,0.0,0.0040766718,1.0,1.0
R_LEUtex_dlys_time01,0.00017227109810682387,0.0,-0.008153343645652851,0.00045091331273621225,0.008604257,1.0,1.0
R_LEUtex_dlys_time02,-0.00022049385888913182,0.0,-0.012230015468479277,0.0006762828673550726,0.0129062983,1.0,1.0
R_LEUtex_dlys_time03,0.0,0.0,-0.0163066872913057,0.000901652421973934,0.0172083397,1.0,1.0
R_LEUtex_dlys_time04,-0.000999467597688132,0.0,-0.020383359114132128,0.001127021976592794,0.0215103811,1.0,1.0
R_LEUtex_dlys_time05,0.000365356929745628,0.0,-0.024460030936958553,0.0013523915312116557,0.0258124225,1.0,1.0
R_LEUtex_dlys_time06,0.0,0.0,-0.028536702759784986,0.0015777610858305174,0.0301144638,1.0,1.0
R_LEUtex_dlys_time07,0.0,0.0,-0.03261337458261151,0.0018031306404493789,0.0344165052,1.0,1.0
R_LEUtex_dlys_time08,-0.0011403596059668879,0.0,-0.03669004640543784,0.002028500195068241,0.0387185466,1.0,1.0
R_LEUtex_dlys_time09,0.0,0.0,-0.04076671822826422,0.0022538697496870975,0.043020588,1.0,1.0
R_LEUtex_dlys_time10,0.0,0.0,-0.04490366348131479,0.00247923930430596,0.0473829028,1.0,1.0
R_LEUtex_dlys_time11,0.0003204148395366818,0.0,-0.049300507575264774,0.002712023113269801,0.0520125307,1.0,1.0
R_LEUtex_dlys_time12,-0.0002053369202177358,0.0,-0.053980848760112124,0.002964017897016065,0.0569448667,1.0,1.0
R_LEUtex_dlys_time13,0.0,0.0,-0.0590385266686701,0.003239461709504976,0.0622779884,1.0,1.0
R_LEUtex_dlys_time14,-0.0004965960181108034,0.0,-0.06449800945035046,0.0035405028610529686,0.0680385123,1.0,1.0
R_LEUtex_dlys_time15,-0.0003074466135654998,0.0,-0.0704920195150894,0.0038695187045330376,0.0743615382,1.0,1.0
R_LEUtex_dlys_time16,-0.00021314181134330154,0.0,-0.07704280189389273,0.0042291115210757865,0.0812719134,1.0,1.0
R_LEUtex_dlys_time17,0.0,0.0,-0.08420277165135215,0.0046221447951465995,0.0888249164,1.0,1.0
R_LEUtex_dlys_time18,-0.0005616464677168944,0.0,-0.09202682289384642,0.00505164779543634,0.0970784707,1.0,1.0
R_LEUtex_dlys_time19,-0.0002695009571250646,0.0,-0.10057881215251926,0.005521092544586805,0.1060999047,1.0,1.0
R_LEUtex_dlys_time20,-0.00014424637726047617,0.0,-0.10992878409961898,0.006034163258875012,0.1159629474,1.0,1.0
R_LEUtex_dlys_time21,-0.00078833807807117,0.0,-0.12014080031689589,0.006595661826896171,0.1267364621,1.0,1.0
R_LEUtex_dlys_time22,0.00017327237098374533,0.0,-0.13130854101000217,0.0072085659999096725,0.138517107,1.0,1.0
R_LEUtex_dlys_time23,-0.0003681816001997407,0.0,-0.14350752486251125,0.007877770045882172,0.1513852949,1.0,1.0
R_LEUtex_dlys_time24,0.0,0.0,-0.15685800763983276,0.008609643588528277,0.1654676512,1.0,1.0
R_LEUtex_dlys_time25,0.0,0.0,-0.17142022558742342,0.009409731210701381,0.1808299568,1.0,1.0
R_LEUtex_dlys_time26,0.0,0.0,-0.18734869114524638,0.010284268924072023,0.1976329601,1.0,1.0
R_LEUtex_dlys_time27,-0.0011441189044002797,0.0,-0.20475885516814327,0.01123986930542267,0.2159987245,1.0,1.0
R_LEUtex_dlys_time28,-0.0012427403029185438,0.0,-0.22378696593568964,0.012285446389569805,0.2360724123,1.0,1.0
R_LEUtex_dlys_time29,0.0,0.0,-0.24458327239239908,0.013425959105533089,0.2580092315,1.0,1.0
R_LEUtex_dlys_time30,0.0,0.0,-0.2673122002732424,0.014673622812324443,0.2819858231,1.0,1.0
R_LEUtex_dlys_time31,-0.0015525904501309934,0.0,-0.2921540338341451,0.01603723077246835,0.3081912646,1.0,1.0
R_LEUtex_dlys_time32,0.0,0.0,-0.3193092617087008,0.01752999987844086,0.3368392616,1.0,1.0
R_LEUtex_dlys_time33,-0.0022690038164838787,0.0,-0.34897237994114283,0.018834124393382997,0.3678065043,1.0,1.0
R_LEUtex_dlys_time34,0.0016831516452205193,0.0,-0.38140109793211097,0.018834124393383004,0.4002352223,1.0,1.0
R_LEUtex_dlys_time35,-0.0015980436913834155,0.0,-0.41685149343363076,0.018834124393383087,0.4356856178,1.0,1.0
R_LEUtex_dlys_time36,0.0,0.0,-0.4555555919607429,0.018834124402062825,0.4743897164,1.0,1.0
R_LEUtex_dlys_time37,-0.0008297788420237566,0.0,-0.49786023254157863,0.018834124393383004,0.5166943569,1.0,1.0
R_LEUtex_dlys_time38,0.0008297788420237566,0.0,-0.5441248335783321,0.01883412439338302,0.562958958,1.0,1.0
R_LEUtex_dlys_time39,0.0,0.0,-0.5946234018820187,0.018834124393383004,0.6134575263,1.0,1.0
R_LEUtex_dlys_time40,0.0,0.0,-0.6498414313187584,0.018834124393383004,0.6686755557,1.0,1.0
R_LEUtex_dlys_time41,-0.0011085704291101295,0.0,-0.7102238599428139,0.018834124393383007,0.7290579843,1.0,1.0
R_LEUtex_dlys_time42,0.0,0.0,-0.7755189412806104,0.018834124393382997,0.7943530657,1.0,1.0
R_LEUtex_dlys_time43,0.0,0.0,-0.8422555689045432,0.018834124393382223,0.8610896933,1.0,1.0
R_LEUtex_dlys_time44,-0.006429768947730066,0.0,-0.9092722863691127,0.018834124402062825,0.9281064108,1.0,1.0
R_LYStex_dleu_time00,0.0,0.0,-0.0041457599996156,0.0,0.00414576,1.0,1.0
R_LYStex_dleu_time01,-0.0001312396023757202,0.0,-0.008282933332565315,0.004145759999615599,0.0124286933,1.0,1.0
R_LYStex_dleu_time02,0.0,0.0,-0.012420106665515055,0.0082915199992312,0.0207116267,1.0,1.0
R_LYStex_dleu_time03,-0.00012546491761279363,0.0,-0.0165572799984648,0.012437279998846803,0.02899456,1.0,1.0
R_LYStex_dleu_time04,0.0,0.0,-0.02069445333141452,0.016583039998462393,0.0372774933,1.0,1.0
R_LYStex_dleu_time05,-0.00027833628920909993,0.0,-0.024826256810631102,0.020728799998078012,0.0455550568,1.0,1.0
R_LYStex_dleu_time06,0.0,0.0,-0.02895105783936233,0.024874559997693602,0.0538256178,1.0,1.0
R_LYStex_dleu_time07,0.0,0.0,-0.033075858951326934,0.0290203199973092,0.0620961789,1.0,1.0
R_LYStex_dleu_time08,-0.00018769618580943785,0.0,-0.03720066006329153,0.03316608054631503,0.0703667406,1.0,1.0
R_LYStex_dleu_time09,0.0,0.0,-0.04132546117525613,0.0373118399965404,0.0786373012,1.0,1.0
R_LYStex_dleu_time10,0.0,0.0,-0.04545094949130275,0.041457599996156,0.0869085495,1.0,1.0
R_LYStex_dleu_time11,-0.00024409849706767854,0.0,-0.04970918120807137,0.0456033599957716,0.0953125412,1.0,1.0
R_LYStex_dleu_time12,0.0,0.0,-0.05432861565933976,0.04984124376569919,0.1041698594,1.0,1.0
R_LYStex_dleu_time13,-0.0005406926150247477,0.0,-0.05938674346096376,0.05447679991311056,0.1138635434,1.0,1.0
R_LYStex_dleu_time14,0.0,0.0,-0.06489521828786914,0.05953836788032009,0.1244335862,1.0,1.0
R_LYStex_dleu_time15,0.0,0.0,-0.07093101362166869,0.06506765657691345,0.1359986702,1.0,1.0
R_LYStex_dleu_time16,0.0,0.0,-0.0775173898588078,0.07111431464308819,0.1486317045,1.0,1.0
R_LYStex_dleu_time17,-0.0006752414696142468,0.0,-0.08472056538947355,0.07772292912683505,0.1624434945,1.0,1.0
R_LYStex_dleu_time18,0.0,0.0,-0.09259667559573169,0.08494563110912205,0.1775423067,1.0,1.0
R_LYStex_dleu_time19,-0.0003456513585007323,0.0,-0.10120108023844158,0.09283957482469973,0.1940406551,1.0,1.0
R_LYStex_dleu_time20,-7.864272622201498e-05,0.0,-0.11060251392737594,0.10146706678471325,0.2120695807,1.0,1.0
R_LYStex_dleu_time21,-0.000269938781770601,0.0,-0.12089479912968697,0.11089632014562732,0.2317911193,1.0,1.0
R_LYStex_dleu_time22,-0.00013200239227884882,0.0,-0.13211402747046588,0.12122429746530328,0.2533383249,1.0,1.0
R_LYStex_dleu_time23,0.0,0.0,-0.14439127837585458,0.13246501527477597,0.2768562937,1.0,1.0
R_LYStex_dleu_time24,-0.000720805738389488,0.0,-0.1578094684000335,0.14477753371766797,0.3025870021,1.0,1.0
R_LYStex_dleu_time25,-0.0008057164880246338,0.0,-0.17247454983614408,0.15824708968646814,0.3307216395,1.0,1.0
R_LYStex_dleu_time26,-0.0008172848490024279,0.0,-0.18852490318485648,0.1729385722885152,0.3614634755,1.0,1.0
R_LYStex_dleu_time27,-4.962841184408892e-05,0.0,-0.20601985574050408,0.1890032669877414,0.3950231227,1.0,1.0
R_LYStex_dleu_time28,0.0,0.0,-0.22516511615566778,0.20656718942031896,0.4317323056,1.0,1.0
R_LYStex_dleu_time29,-0.0011603128066174128,0.0,-0.2460895303084505,0.22576697073913346,0.471856501,1.0,1.0
R_LYStex_dleu_time30,-0.0005937459297289562,0.0,-0.26895843353268595,0.24674331723448972,0.5157017508,1.0,1.0
R_LYStex_dleu_time31,-0.0006782245323628729,0.0,-0.2939525256425445,0.2696792311837489,0.5636317568,1.0,1.0
R_LYStex_dleu_time32,0.0,0.0,-0.3212692987413959,0.2947390448860921,0.6160083436,1.0,1.0
R_LYStex_dleu_time33,-0.0012247018766490428,0.0,-0.3511245977158231,0.32212281602427967,0.6732474137,1.0,1.0
R_LYStex_dleu_time34,-0.0012822589226186064,0.0,-0.3837633114276293,0.35205743167714404,0.7358207431,1.0,1.0
R_LYStex_dleu_time35,0.0,0.0,-0.4194029462952274,0.3847738472203259,0.8041767935,1.0,1.0
R_LYStex_dleu_time36,0.0,0.0,-0.45835113081719747,0.4205120249445666,0.8788631558,1.0,1.0
R_LYStex_dleu_time37,-0.0006511352386842439,0.0,-0.5009160283182414,0.45956291793070503,0.9604789462,1.0,1.0
R_LYStex_dleu_time38,0.0,0.0,-0.5474337261451874,0.5022403441867149,1.0496740703,1.0,1.0
R_LYStex_dleu_time39,0.0,0.0,-0.5982713021329182,0.5488810249527462,1.1471523271,1.0,1.0
R_LYStex_dleu_time40,-0.002555274913066456,0.0,-0.6538299228953428,0.599853004722326,1.2536829276,1.0,1.0
R_LYStex_dleu_time41,-0.0008001218721495153,0.0,-0.7145480094887666,0.655637363746018,1.3701853732,1.0,1.0
R_LYStex_dleu_time42,0.0,0.0,-0.7806458467727426,0.7164371230612119,1.4970829698,1.0,1.0
R_LYStex_dleu_time43,0.0,0.0,-0.8481620044678188,0.7826154347702476,1.6307774392,1.0,1.0
R_LYStex_dleu_time44,0.0,0.0,-0.915684658342264,0.8504830614365296,1.7661677198,1.0,1.0
R_LYStex_dlys_time00,0.0,0.0,0.0,0.0041457599996156,0.00414576,1.0,1.0
R_LYStex_dlys_time01,0.0001312396023757202,0.0,0.0,0.008291519999231198,0.00829152,1.0,1.0
R_LYStex_dlys_time02,0.0,0.0,0.0,0.012437280090412084,0.0124372801,1.0,1.0
R_LYStex_dlys_time03,0.00012546491761279363,0.0,0.0,0.0165830399984624,0.01658304,1.0,1.0
R_LYStex_dlys_time04,0.0,0.0,0.0,0.020728799998078005,0.0207288,1.0,1.0
R_LYStex_dlys_time05,0.00027833628920909993,0.0,0.0,0.0248745599976936,0.02487456,1.0,1.0
R_LYStex_dlys_time06,0.0,0.0,0.0,0.029020319997309224,0.02902032,1.0,1.0
R_LYStex_dlys_time07,0.0,0.0,0.0,0.03316607999692479,0.03316608,1.0,1.0
R_LYStex_dlys_time08,0.00018769618580943785,0.0,0.0,0.0373118399965404,0.03731184,1.0,1.0
R_LYStex_dlys_time09,0.0,0.0,0.0,0.04145759999615599,0.0414576,1.0,1.0
R_LYStex_dlys_time10,0.0,0.0,0.0,0.0456033599957716,0.04560336,1.0,1.0
R_LYStex_dlys_time11,0.00024409849706767854,0.0,0.0,0.049841250646286125,0.0498412506,1.0,1.0
R_LYStex_dlys_time12,0.0,0.0,0.0,0.05447296867891521,0.0544729687,1.0,1.0
R_LYStex_dlys_time13,0.0005406926150247477,0.0,0.0,0.05953507952422564,0.0595350795,1.0,1.0
R_LYStex_dlys_time14,0.0,0.0,0.0,0.06507501032982427,0.0650750103,1.0,1.0
R_LYStex_dlys_time15,0.0,0.0,0.0,0.07111430805265123,0.0711143081,1.0,1.0
R_LYStex_dlys_time16,0.0,0.0,0.0,0.07772290382133812,0.0777229038,1.0,1.0
R_LYStex_dlys_time17,0.0006752414696142468,0.0,0.0,0.08494563731167555,0.0849456373,1.0,1.0
R_LYStex_dlys_time18,0.0,0.0,0.0,0.09283956198179912,0.092839562,1.0,1.0
R_LYStex_dlys_time19,0.0003456513585007323,0.0,0.0,0.10146707012958125,0.1014670701,1.0,1.0
R_LYStex_dlys_time20,7.864272622201498e-05,0.0,0.0,0.11089632186345011,0.1108963219,1.0,1.0
R_LYStex_dlys_time21,0.000269938781770601,0.0,0.0,0.12120182647966543,0.1212018265,1.0,1.0
R_LYStex_dlys_time22,0.00013200239227884882,0.0,0.0,0.1324650307270158,0.1324650307,1.0,1.0
R_LYStex_dlys_time23,0.0,0.0,0.0,0.1447749000842964,0.1447749001,1.0,1.0
R_LYStex_dlys_time24,0.000720805738389488,0.0,0.0,0.15824187996855166,0.15824188,1.0,1.0
R_LYStex_dlys_time25,0.0008057164880246338,0.0,0.0,0.17293276358305182,0.1729327636,1.0,1.0
R_LYStex_dlys_time26,0.0008172848490024279,0.0,0.0,0.1890037990290327,0.189003799,1.0,1.0
R_LYStex_dlys_time27,4.962841184408892e-05,0.0,0.0,0.20657201594434083,0.2065720159,1.0,1.0
R_LYStex_dlys_time28,0.0,0.0,0.0,0.225776520973628,0.225776521,1.0,1.0
R_LYStex_dlys_time29,0.0011603128066174128,0.0,0.0,0.24674331843760705,0.2467433184,1.0,1.0
R_LYStex_dlys_time30,0.0005937459297289562,0.0,0.0,0.26967298094214653,0.2696729809,1.0,1.0
R_LYStex_dlys_time31,0.0006782245323628729,0.0,0.0,0.294733470357666,0.2947334704,1.0,1.0
R_LYStex_dlys_time32,0.0,0.0,0.0,0.3221228160242793,0.322122816,1.0,1.0
R_LYStex_dlys_time33,0.0012247018766490428,0.0,0.0,0.35206128735744113,0.3520612874,1.0,1.0
R_LYStex_dlys_time34,0.0012822589226186064,0.0,0.0,0.3847738472203259,0.3847738472,1.0,1.0
R_LYStex_dlys_time35,0.0,0.0,0.0,0.42051314397042727,0.420513144,1.0,1.0
R_LYStex_dlys_time36,0.0,0.0,0.0,0.4595853906836237,0.4595853907,1.0,1.0
R_LYStex_dlys_time37,1.8992955482127934e-05,0.0,0.0,0.5022457191392339,0.5022457191,1.0,1.0
R_LYStex_dlys_time38,0.000632142283202116,0.0,0.0,0.5488938414690323,0.5488938415,1.0,1.0
R_LYStex_dlys_time39,0.0,0.0,0.0,0.5998530047223265,0.5998530047,1.0,1.0
R_LYStex_dlys_time40,0.002555274913066456,0.0,0.0,0.6555996965378379,0.6555996965,1.0,1.0
R_LYStex_dlys_time41,0.0,0.0,0.0,0.7164390159566597,0.716439016,1.0,1.0
R_LYStex_dlys_time42,0.0008001218721495153,0.0,0.0,0.7826702370916047,0.7826702371,1.0,1.0
R_LYStex_dlys_time43,0.0,0.0,0.0,0.8505378637578875,0.8505378638,1.0,1.0
R_LYStex_dlys_time44,0.0,0.0,0.0,0.9184054904241694,0.9184054904,1.0,1.0
R_GLCtex_copy1_dleu_time00,0.002680016266,0.0,0.0,0.002680016266,0.0026800163,1.0,1.0
R_GLCtex_copy1_dleu_time01,0.002680016266,0.0,0.0,0.0031818339469254628,0.0031818339,1.0,1.0
R_GLCtex_copy1_dleu_time02,0.0027687597401656306,0.0,0.0,0.0037305887111310906,0.0037305887,1.0,1.0
R_GLCtex_copy1_dleu_time03,0.0032582022682214173,0.0,0.0,0.004329703471268006,0.0043297035,1.0,1.0
R_GLCtex_copy1_dleu_time04,0.0032582022682214173,0.0,0.0,0.00498491824866825,0.0049849182,1.0,1.0
R_GLCtex_copy1_dleu_time05,0.0034227343608187245,0.0,0.0,0.005700978798140185,0.0057009788,1.0,1.0
R_GLCtex_copy1_dleu_time06,0.0034227343608187245,0.0,0.0,0.006483366209031813,0.0064833662,1.0,1.0
R_GLCtex_copy1_dleu_time07,0.003642988485160456,0.0,0.0,0.00733862615816787,0.0073386262,1.0,1.0
R_GLCtex_copy1_dleu_time08,0.004665773118260272,0.0,0.0,0.008273774952135686,0.008273775,1.0,1.0
R_GLCtex_copy1_dleu_time09,0.004665773118260272,0.0,0.0,0.009294967810366143,0.0092949678,1.0,1.0
R_GLCtex_copy1_dleu_time10,0.0053770158253339286,0.0,0.0,0.010411507647539007,0.0104115076,1.0,1.0
R_GLCtex_copy1_dleu_time11,0.006253442220323942,0.0,0.0,0.011631806638749437,0.0116318066,1.0,1.0
R_GLCtex_copy1_dleu_time12,0.006485850291246303,0.0,0.0,0.012965507039193512,0.012965507,1.0,1.0
R_GLCtex_copy1_dleu_time13,0.006941648116368913,0.0,0.0,0.014423147151130605,0.0144231472,1.0,1.0
R_GLCtex_copy1_dleu_time14,0.006941648116368913,0.0,0.0,0.016016247450052493,0.0160162475,1.0,1.0
R_GLCtex_copy1_dleu_time15,0.008043970021165369,0.0,0.0,0.01775738765201247,0.0177573877,1.0,1.0
R_GLCtex_copy1_dleu_time16,0.008726426433075467,0.0,0.0,0.019660333018025222,0.019660333,1.0,1.0
R_GLCtex_copy1_dleu_time17,0.009199549210752053,0.0,0.0,0.021740117953519416,0.021740118,1.0,1.0
R_GLCtex_copy1_dleu_time18,0.009199549210752053,0.0,0.0,0.024013175639615504,0.0240131756,1.0,1.0
R_GLCtex_copy1_dleu_time19,0.01044626723010143,0.0,0.0,0.026497466758443472,0.0264974668,1.0,1.0
R_GLCtex_copy1_dleu_time20,0.011044493550023881,0.0,0.0,0.029212621063958433,0.0292126211,1.0,1.0
R_GLCtex_copy1_dleu_time21,0.011364685286451131,0.0,0.0,0.0321800924874502,0.0321800925,1.0,1.0
R_GLCtex_copy1_dleu_time22,0.011364685286451131,0.0,0.0,0.03542332866796693,0.0354233287,1.0,1.0
R_GLCtex_copy1_dleu_time23,0.012729980973659622,0.0,0.0,0.03896795616953817,0.0389679562,1.0,1.0
R_GLCtex_copy1_dleu_time24,0.013547254226045283,0.0,0.0,0.0428419830929627,0.0428419831,1.0,1.0
R_GLCtex_copy1_dleu_time25,0.013547254226045283,0.0,0.0,0.04387285888073291,0.0438728589,1.0,1.0
R_GLCtex_copy1_dleu_time26,0.013547254226045283,0.0,0.0,0.043872858880732904,0.0438728589,1.0,1.0
R_GLCtex_copy1_dleu_time27,0.013547254226045283,0.0,0.0,0.0438728588807329,0.0438728589,1.0,1.0
R_GLCtex_copy1_dleu_time28,0.0160869188307074,0.0,0.0,0.04387285888073288,0.0438728589,1.0,1.0
R_GLCtex_copy1_dleu_time29,0.018845498859383414,0.0,0.0,0.04387285888073289,0.0438728589,1.0,1.0
R_GLCtex_copy1_dleu_time30,0.018845498859383414,0.0,0.0,0.043872858880732925,0.0438728589,1.0,1.0
R_GLCtex_copy1_dleu_time31,0.018845498859383414,0.0,0.0,0.04387285888073285,0.0438728589,1.0,1.0
R_GLCtex_copy1_dleu_time32,0.019993145930708646,0.0,0.0,0.043872858880732904,0.0438728589,1.0,1.0
R_GLCtex_copy1_dleu_time33,0.022291870557787394,0.0,0.0,0.04387285888073289,0.0438728589,1.0,1.0
R_GLCtex_copy1_dleu_time34,0.022291870557787394,0.0,0.0,0.04387285888073292,0.0438728589,1.0,1.0
R_GLCtex_copy1_dleu_time35,0.02359231932862726,0.0,0.0,0.043872858880732925,0.0438728589,1.0,1.0
R_GLCtex_copy1_dleu_time36,0.025996844261429296,0.0,0.0,0.04387285888073291,0.0438728589,1.0,1.0
R_GLCtex_copy1_dleu_time37,0.027139586124150936,0.0,0.0,0.04387285888073265,0.0438728589,1.0,1.0
R_GLCtex_copy1_dleu_time38,0.027139586124150936,0.0,0.0,0.043872858880732904,0.0438728589,1.0,1.0
R_GLCtex_copy1_dleu_time39,0.027139586124150936,0.0,0.0,0.04387285888073295,0.0438728589,1.0,1.0
R_GLCtex_copy1_dleu_time40,0.027139586124150936,0.0,0.0,0.04387285888073287,0.0438728589,1.0,1.0
R_GLCtex_copy1_dleu_time41,0.027139586124150936,0.0,0.0,0.043872858880732925,0.0438728589,1.0,1.0
R_GLCtex_copy1_dleu_time42,0.02960034179365178,0.0,0.0,0.04387285888073292,0.0438728589,1.0,1.0
R_GLCtex_copy1_dleu_time43,0.02960034179365178,0.0,0.0,0.04387285888073289,0.0438728589,1.0,1.0
R_GLCtex_copy1_dleu_time44,0.02960034179365178,0.0,0.0,0.043872858880732904,0.0438728589,1.0,1.0
R_GLCtex_copy1_dlys_time00,0.0027199837334993047,0.0,0.0,0.0027199837334993047,0.0027199837,1.0,1.0
R_GLCtex_copy1_dlys_time01,0.0027199837334993047,0.0,0.0,0.003221456144125838,0.0032214561,1.0,1.0
R_GLCtex_copy1_dlys_time02,0.003102383507321333,0.0,0.0,0.0037698010533367735,0.0037698011,1.0,1.0
R_GLCtex_copy1_dlys_time03,0.003102383507321333,0.0,0.0,0.004368930670767294,0.0043689307,1.0,1.0
R_GLCtex_copy1_dlys_time04,0.0034679572765893797,0.0,0.0,0.0050229898922101186,0.0050229899,1.0,1.0
R_GLCtex_copy1_dlys_time05,0.0034679572765893797,0.0,0.0,0.005738616174100858,0.0057386162,1.0,1.0
R_GLCtex_copy1_dlys_time06,0.004278960450275569,0.0,0.0,0.006520103642485725,0.0065201036,1.0,1.0
R_GLCtex_copy1_dlys_time07,0.004278960450275569,0.0,0.0,0.007374743617072334,0.0073747436,1.0,1.0
R_GLCtex_copy1_dlys_time08,0.004278960450275569,0.0,0.0,0.0083081883261556,0.0083081883,1.0,1.0
R_GLCtex_copy1_dlys_time09,0.004825860758578127,0.0,0.0,0.00932861063018605,0.0093286106,1.0,1.0
R_GLCtex_copy1_dlys_time10,0.004825860758578127,0.0,0.0,0.01044389954434199,0.0104438995,1.0,1.0
R_GLCtex_copy1_dlys_time11,0.004825860758578127,0.0,0.0,0.01166254324101849,0.0116625432,1.0,1.0
R_GLCtex_copy1_dlys_time12,0.005537103465651783,0.0,0.0,0.01299446638925253,0.0129944664,1.0,1.0
R_GLCtex_copy1_dlys_time13,0.005537103465651783,0.0,0.0,0.014450081315767737,0.0144500813,1.0,1.0
R_GLCtex_copy1_dlys_time14,0.007112548148124823,0.0,0.0,0.016040872302692466,0.0160408723,1.0,1.0
R_GLCtex_copy1_dlys_time15,0.007112548148124823,0.0,0.0,0.017779464018460825,0.017779464,1.0,1.0
R_GLCtex_copy1_dlys_time16,0.007112548148124823,0.0,0.0,0.019679878773926567,0.0196798788,1.0,1.0
R_GLCtex_copy1_dlys_time17,0.007112548148124823,0.0,0.0,0.021755770247950366,0.0217557702,1.0,1.0
R_GLCtex_copy1_dlys_time18,0.009080034947700134,0.0,0.0,0.02402501408025191,0.0240250141,1.0,1.0
R_GLCtex_copy1_dlys_time19,0.009080034947700134,0.0,0.0,0.026504975261976177,0.0265049753,1.0,1.0
R_GLCtex_copy1_dlys_time20,0.010087177600674296,0.0,0.0,0.029215247124384114,0.0292152471,1.0,1.0
R_GLCtex_copy1_dlys_time21,0.010316323073349164,0.0,0.0,0.03217721386026078,0.0321772139,1.0,1.0
R_GLCtex_copy1_dlys_time22,0.011102857985268165,0.0,0.0,0.03541423384025585,0.0354142338,1.0,1.0
R_GLCtex_copy1_dlys_time23,0.011487480340393015,0.0,0.0,0.03895186632795345,0.0389518663,1.0,1.0
R_GLCtex_copy1_dlys_time24,0.011487480340393015,0.0,0.0,0.04281802198077653,0.042818022,1.0,1.0
R_GLCtex_copy1_dlys_time25,0.013587730160875207,0.0,0.0,0.04452714109949929,0.0445271411,1.0,1.0
R_GLCtex_copy1_dlys_time26,0.01593538892551575,0.0,0.0,0.04452714109949929,0.0445271411,1.0,1.0
R_GLCtex_copy1_dlys_time27,0.01831675503566268,0.0,0.0,0.0445271410994993,0.0445271411,1.0,1.0
R_GLCtex_copy1_dlys_time28,0.018461359965278326,0.0,0.0,0.0445271410994993,0.0445271411,1.0,1.0
R_GLCtex_copy1_dlys_time29,0.018461359965278326,0.0,0.0,0.04452714109949928,0.0445271411,1.0,1.0
R_GLCtex_copy1_dlys_time30,0.021842224786424634,0.0,0.0,0.04452714109949935,0.0445271411,1.0,1.0
R_GLCtex_copy1_dlys_time31,0.023572253719201314,0.0,0.0,0.044527141099499304,0.0445271411,1.0,1.0
R_GLCtex_copy1_dlys_time32,0.02554843242655234,0.0,0.0,0.04452714109949935,0.0445271411,1.0,1.0
R_GLCtex_copy1_dlys_time33,0.02554843242655234,0.0,0.0,0.04452714109949933,0.0445271411,1.0,1.0
R_GLCtex_copy1_dlys_time34,0.02911691108811715,0.0,0.0,0.04452714109949929,0.0445271411,1.0,1.0
R_GLCtex_copy1_dlys_time35,0.03285309676008279,0.0,0.0,0.044527141099499304,0.0445271411,1.0,1.0
R_GLCtex_copy1_dlys_time36,0.03285309676008279,0.0,0.0,0.04452714109949932,0.0445271411,1.0,1.0
R_GLCtex_copy1_dlys_time37,0.03285309676008279,0.0,0.0,0.04452714109949932,0.0445271411,1.0,1.0
R_GLCtex_copy1_dlys_time38,0.03290843753945962,0.0,0.0,0.04452714109949931,0.0445271411,1.0,1.0
R_GLCtex_copy1_dlys_time39,0.03475034395904621,0.0,0.0,0.044527141099499304,0.0445271411,1.0,1.0
R_GLCtex_copy1_dlys_time40,0.03475034395904621,0.0,0.0,0.044527141099499304,0.0445271411,1.0,1.0
R_GLCtex_copy1_dlys_time41,0.04219578368243331,0.0,0.0,0.044527141099499304,0.0445271411,1.0,1.0
R_GLCtex_copy1_dlys_time42,0.04219578368243331,0.0,0.0,0.04452714109949931,0.0445271411,1.0,1.0
R_GLCtex_copy1_dlys_time43,0.0445271411187664,0.0,0.0,0.0445271411187664,0.0445271411,1.0,1.0
R_GLCtex_copy1_dlys_time44,0.0445271411187664,0.0,0.0,0.0445271411187664,0.0445271411,1.0,1.0
